<?xml version="1.0" encoding="UTF-8"?>
<configuration debug="true">

	<!-- Appenders -->
	<appender name="console"
		class="ch.qos.logback.core.ConsoleAppender">
		<encoder>
			<charset>UTF-8</charset>
			<Pattern>%d %5p [%c] %m%n</Pattern>
		</encoder>
	</appender>

	<!-- Logger -->
	<logger name="com.study" level="INFO" appender-ref="console" />

	<logger name="jdbc" level="OFF" />
	<logger name="jdbc.sqlonly" level="OFF" />
	<logger name="jdbc.sqltiming" level="DEBUG" />
	<logger name="jdbc.audit" level="OFF" />
	<logger name="jdbc.resultset" level="OFF" />
	<logger name="jdbc.resultsettable" level="DEBUG" />
	<logger name="jdbc.connection" level="OFF" />

	<!-- Root Logger -->
	<root level="off">
		<appender-ref ref="console" />
	</root>
</configuration>