<?xml version="1.0" encoding="UTF-8"?>
<!DOCTYPE mapper
    PUBLIC "-//mybatis.org//DTD Mapper 3.0//EN"
    "http://mybatis.org/dtd/mybatis-3-mapper.dtd">
<mapper namespace="com.study.springboot.dao.ISimpleBbsDao">
	
	<resultMap id="bbsResult" type="SimpleBbsDto">
		<result column="id" property="id" />
	<!-- 	<result column="writer" property="writer" /> -->
		<result column="content" property="content" />
	</resultMap>
	
	<select id="listDao2" resultMap="bbsResult">
		select * from simple_bbs_2
	</select>
	
	<select id="listDao" 
	parameterType="string"
	resultType="com.study.springboot.dto.SimpleBbsDto">
		
		select 
			* 
		from 
			simple_bbs_2 
		<!-- where 
		<![CDATA[ id < 3 ]]> -->
		order by 
			id desc
	</select>
	
	<select id="viewDao" 
		parameterType="string"
		resultType="com.study.springboot.dto.SimpleBbsDto">
		
		select * from simple_bbs_2 where id = #{param1}
	</select>
	
	<insert id="writeDao">
		insert into simple_bbs_2 (id, content)
			values (simple_bbs_2_seq.nextval, 
			#{param3})
	</insert>
	
	<delete id="deleteDao" parameterType="string">
		DELETE FROM simple_bbs_2 WHERE id = #{_parameter}
	</delete>
	
	<update id="updateDao" parameterType="SimpleBbsDto">
		UPDATE simple_bbs_2 
		SET 
			content = #{content}
		WHERE id = #{id}
	</update>
	<!-- 
	<select id="testIf"
		parameterType="SimpleBbsDto"
		resultType="SimpleBbsDto">
		
		select
			*
		from
			simple_bbs
		/* <where> tag는
			1. 조건이 없으면 where 문 자체도 없음
			2. 조건이 있으면 앞에 있는 and나 or를 삭제
		*/			
		 <where>
			<if test="title != null and title != '' ">
				and title = #{title}
			</if>
		    <if test="writer != null and writer != '' ">
				and writer = #{writer}
			</if>
			<if test="title != null and title != '' ">
			and title = #{title} 
			</if>
		</where> 
		order by
			id desc		
	</select>
	
	<select id="testChoose"
		parameterType="SimpleBbsDto"
		resultType="SimpleBbsDto">
	
	select
			*
		from
			simple_bbs
	<where>
		<choose>
			<when test=" title != null and title != '' ">
				and title = #{title}
			</when>
			<otherwise>
				and title is null
			</otherwise>
		</choose>
	</where>
	
	</select>	
	
	-->
	<select id="testForeach"
		parameterType="SimpleBbsDto"
		resultType="SimpleBbsDto">
	
		select
			*
		from
			simple_bbs_2
		<where>
			<if test="chk != null">
			id in 
				<foreach 
					item = "value" 
					collection="chk" 
					index="idx" 
					open="("
					separator=","
					close=")"
					>
					#{value}	
				</foreach>
			</if>
		
		</where>	
			
	</select>		
	 
	
</mapper>
    
    
    