<?xml version="1.0" encoding="UTF-8"?>
<!DOCTYPE mapper
    PUBLIC "-//mybatis.org//DTD Mapper 3.0//EN"
    "http://mybatis.org/dtd/mybatis-3-mapper.dtd">
<mapper namespace="com.study.springboot.dao2.UserDao">
	
	<resultMap id="bbsResult2" type="com.study.springboot.dto2.UserDto">
		<result column="userid" property="userid" />
	<!-- 	<result column="writer" property="writer" /> -->
		<result column="password" property="password" />
	</resultMap>
	
	<select id="userlistDao2" resultMap="bbsResult2">
		select * from userlist_2
	</select>
	
	<select id="userlistDao" 
	parameterType="string"
	resultType="com.study.springboot.dto2.UserDto">
		
		select 
			* 
		from 
			userlist_2 
		
		      	
		<!-- where 
		<![CDATA[ id < 3 ]]> -->
		order by 
			n 
	</select>
	
	<select id="userviewDao" 
		parameterType="string"
		resultType="com.study.springboot.dto2.UserDto">
		
		select * from userlist_2 where userid = #{param1}
		
	</select>
	
	<insert id="userwriteDao">
 		insert into userlist_2 (userid, password, n)
			values (#{param1}, #{param2}, userlist_2_seq.nextval) 
	
	</insert>
	
	<delete id="deleteDao" parameterType="string">
		DELETE FROM userlist_2 WHERE userid = #{_parameter}
	</delete>
	
	
</mapper>	